{"cameraMode":{"drawMode":0,"name":"Shaded","section":"Shading Mode"},"sceneLighting":false,"audioPlay":false,"sceneViewState":{"m_AlwaysRefresh":false,"showFog":true,"showSkybox":true,"showFlares":true,"showImageEffects":true,"showParticleSystems":true,"showVisualEffectGraphs":true,"m_FxEnabled":true},"in2DMode":false,"pivot":{"x":1587.8568115234375,"y":4.317183494567871,"z":1166.5579833984375},"rotation":{"x":-0.28122198581695559,"y":-0.04546908289194107,"z":0.011136820539832116,"w":-0.9595136046409607},"size":12.61868953704834,"orthographic":false}